Key1,Key2,Key3,Value1,Value2,Value3,Value4,Value5,Value6,Value7,Value8,Value9,Value10,Value11,Value12,Value13,Value14,Value15,Value16,Value17,Value18,Value19,Value20,Value21,Value22,Value23,Value24
a,nexus4,stand,-6.026499950569997,0.9334959509016004,8.013646013120006,0.184551746735394,0.24043415892743478,0.17599985821395306,-5.5202026,1.9472808999999998,8.638794,-7.0448303,-0.84251404,7.149872,0.0015888519490950034,0.0010094604656469997,0.00044218442934899877,0.04277492705495176,0.028613015987344483,0.045941044056574176,0.6321869000000001,0.34971620000000003,0.44873047,-0.16569519,-0.15550232,-0.6001586999999999
a,gear,stand,-9.289753201219128,-3.137156524200753,-1.066286300996938,0.41370414741585154,1.0628532344784418,0.6173240991928323,-0.5650316,-0.5781997,1.01574,-12.600683,-11.08276,-2.2625206,0.022146662344973242,-0.03286732380555579,-0.07143672518383197,0.07314944656109791,0.05570243854351144,0.050177495900925566,0.81039995,0.35446674,1.1475562,-2.0383835,-0.55287224,-1.2319783
a,gear,sit,-7.604519709183905,-5.5283410786768235,2.6383265126877022,0.1855523178504538,0.27427094510454214,0.3856803558537603,-6.6588736,-0.83258367,3.555988,-10.8229885,-6.9168487,-3.6709096,0.022705615070828633,-0.041422496515184364,-0.06997320145904547,0.05703368820681714,0.05626923635200855,0.04523762117838848,0.39867523,0.39920786,0.77604514,-0.700944,-0.79042625,-0.22849922
